"S-au returnat toate activitatile unui angajat pentru o zi","Tue May 07 08:41:53 EEST 2019"
"S-au returnat toate activitatile unui angajat pentru o zi","Tue May 07 08:41:53 EEST 2019"
"S-au returnat toate activitatile unui angajat pentru o zi","Tue May 07 08:41:53 EEST 2019"
"S-a apelat adaugarea unei activitati","Tue May 07 08:41:57 EEST 2019"
"S-au returnat toate activitatile unui angajat pentru o zi","Tue May 07 08:41:57 EEST 2019"
"S-au returnat toate activitatile unui angajat pentru o zi","Tue May 07 08:43:00 EEST 2019"
"S-au returnat toate activitatile unui angajat pentru o zi","Tue May 07 08:43:00 EEST 2019"
"S-au returnat toate activitatile unui angajat pentru o zi","Tue May 07 08:43:00 EEST 2019"
"S-au returnat toate activitatile unui angajat pentru o zi","Tue May 07 08:43:00 EEST 2019"
"S-au returnat toate activitatile unui angajat pentru o zi","Tue May 07 08:43:05 EEST 2019"
"S-au returnat toate activitatile unui angajat pentru o zi","Tue May 07 08:43:05 EEST 2019"
"S-au returnat toate activitatile unui angajat pentru o zi","Tue May 07 08:43:08 EEST 2019"
"S-au returnat toate activitatile unui angajat pentru o zi","Tue May 07 08:43:08 EEST 2019"
"S-au returnat toate activitatile unui angajat pentru o zi","Tue May 07 08:43:11 EEST 2019"
"S-au returnat toate activitatile unui angajat pentru o zi","Tue May 07 08:43:11 EEST 2019"
"S-au returnat toate activitatile unui angajat pentru o zi","Tue May 07 08:43:15 EEST 2019"
"S-au returnat toate activitatile unui angajat pentru o zi","Tue May 07 08:43:15 EEST 2019"
"S-au returnat toate activitatile unui angajat pentru o zi","Tue May 07 08:43:19 EEST 2019"
"S-au returnat toate activitatile unui angajat pentru o zi","Tue May 07 08:43:19 EEST 2019"
"S-au returnat toate activitatile unui angajat pentru o zi","Tue May 07 08:43:23 EEST 2019"
"S-au returnat toate activitatile unui angajat pentru o zi","Tue May 07 08:43:23 EEST 2019"
"S-au returnat toate activitatile unui angajat pentru o zi","Tue May 07 08:43:27 EEST 2019"
"S-au returnat toate activitatile unui angajat pentru o zi","Tue May 07 08:43:27 EEST 2019"
"S-au returnat toate activitatile unui angajat pentru o zi","Tue May 07 08:43:32 EEST 2019"
"S-au returnat toate activitatile unui angajat pentru o zi","Tue May 07 08:43:32 EEST 2019"
"S-au returnat toate activitatile unui angajat pentru o zi","Tue May 07 08:43:34 EEST 2019"
"S-au returnat toate activitatile unui angajat pentru o zi","Tue May 07 08:43:34 EEST 2019"
"S-au returnat toate activitatile unui angajat pentru o zi","Tue May 07 08:43:36 EEST 2019"
"S-au returnat toate activitatile unui angajat pentru o zi","Sat May 11 16:31:35 EEST 2019"
"S-au returnat toate activitatile unui angajat pentru o zi","Sat May 11 16:31:35 EEST 2019"
"S-au returnat toate activitatile unui angajat pentru o zi","Sat May 11 16:31:35 EEST 2019"
"S-au returnat toate activitatile unui angajat pentru o zi","Sat May 11 16:32:47 EEST 2019"
"S-au returnat toate activitatile unui angajat pentru o zi","Sat May 11 16:32:47 EEST 2019"
"S-au returnat toate activitatile unui angajat pentru o zi","Sat May 11 16:32:47 EEST 2019"
"S-au returnat toate activitatile unui angajat pentru o zi","Tue May 14 10:14:29 EEST 2019"
"S-au returnat toate activitatile unui angajat pentru o zi","Tue May 14 10:14:29 EEST 2019"
"S-au returnat toate activitatile unui angajat pentru o zi","Tue May 14 10:14:29 EEST 2019"
"S-au returnat toate activitatile unui angajat pentru o zi","Tue May 14 10:29:05 EEST 2019"
"S-au returnat toate activitatile unui angajat pentru o zi","Tue May 14 10:29:05 EEST 2019"
"S-au returnat toate activitatile unui angajat pentru o zi","Tue May 14 10:29:05 EEST 2019"
"S-au returnat toate activitatile unui angajat pentru o zi","Tue May 14 10:38:33 EEST 2019"
"S-au returnat toate activitatile unui angajat pentru o zi","Tue May 14 10:38:33 EEST 2019"
"S-au returnat toate activitatile unui angajat pentru o zi","Tue May 14 10:38:33 EEST 2019"
"S-au returnat toate activitatile unui angajat pentru o zi","Tue May 14 10:39:24 EEST 2019"
"S-au returnat toate activitatile unui angajat pentru o zi","Tue May 14 10:39:24 EEST 2019"
"S-au returnat toate activitatile unui angajat pentru o zi","Tue May 14 10:39:24 EEST 2019"
"S-a apelat adaugarea unei activitati","Tue May 14 10:39:45 EEST 2019"
"S-au returnat toate activitatile unui angajat pentru o zi","Tue May 14 10:39:45 EEST 2019"
"S-au returnat toate activitatile unui angajat pentru o zi","Tue May 14 10:39:52 EEST 2019"
"S-au returnat toate activitatile unui angajat pentru o zi","Tue May 14 10:39:52 EEST 2019"
"S-au returnat toate activitatile unui angajat pentru o zi","Tue May 14 10:39:52 EEST 2019"
"S-au returnat toate activitatile unui angajat pentru o zi","Tue May 14 10:39:52 EEST 2019"
"S-au returnat toate activitatile unui angajat pentru o zi","Tue May 14 10:39:55 EEST 2019"
"S-au returnat toate activitatile unui angajat pentru o zi","Tue May 14 10:39:55 EEST 2019"
"S-au returnat toate activitatile unui angajat pentru o zi","Tue May 14 10:39:56 EEST 2019"
"S-au returnat toate activitatile unui angajat pentru o zi","Fri May 17 13:35:45 EEST 2019"
"S-au returnat toate activitatile unui angajat pentru o zi","Fri May 17 13:35:45 EEST 2019"
"S-au returnat toate activitatile unui angajat pentru o zi","Fri May 17 13:35:45 EEST 2019"
"S-au returnat toate activitatile unui angajat pentru o zi","Fri May 17 13:39:35 EEST 2019"
"S-au returnat toate activitatile unui angajat pentru o zi","Fri May 17 13:39:35 EEST 2019"
"S-au returnat toate activitatile unui angajat pentru o zi","Fri May 17 13:39:35 EEST 2019"
"S-au returnat toate activitatile unui angajat pentru o zi","Fri May 17 13:41:18 EEST 2019"
"S-au returnat toate activitatile unui angajat pentru o zi","Fri May 17 13:41:18 EEST 2019"
"S-au returnat toate activitatile unui angajat pentru o zi","Fri May 17 13:41:18 EEST 2019"
"S-au returnat toate activitatile unui angajat pentru o zi","Fri May 17 13:44:33 EEST 2019"
"S-au returnat toate activitatile unui angajat pentru o zi","Fri May 17 13:44:33 EEST 2019"
"S-au returnat toate activitatile unui angajat pentru o zi","Fri May 17 13:44:33 EEST 2019"
"S-au returnat toate activitatile unui angajat pentru o zi","Fri May 17 13:45:18 EEST 2019"
"S-au returnat toate activitatile unui angajat pentru o zi","Fri May 17 13:45:18 EEST 2019"
"S-au returnat toate activitatile unui angajat pentru o zi","Fri May 17 13:45:18 EEST 2019"
"S-au returnat toate activitatile unui angajat pentru o zi","Fri May 17 13:48:37 EEST 2019"
"S-au returnat toate activitatile unui angajat pentru o zi","Fri May 17 13:48:37 EEST 2019"
"S-au returnat toate activitatile unui angajat pentru o zi","Fri May 17 13:48:37 EEST 2019"
"S-au returnat toate activitatile unui angajat pentru o zi","Fri May 17 14:17:29 EEST 2019"
"S-au returnat toate activitatile unui angajat pentru o zi","Fri May 17 14:17:29 EEST 2019"
"S-au returnat toate activitatile unui angajat pentru o zi","Fri May 17 14:17:29 EEST 2019"
"S-au returnat toate activitatile unui angajat pentru o zi","Fri May 17 14:18:00 EEST 2019"
"S-au returnat toate activitatile unui angajat pentru o zi","Fri May 17 14:18:42 EEST 2019"
"S-au returnat toate activitatile unui angajat pentru o zi","Fri May 17 14:18:42 EEST 2019"
"S-au returnat toate activitatile unui angajat pentru o zi","Fri May 17 14:18:42 EEST 2019"
"S-au returnat toate activitatile unui angajat pentru o zi","Fri May 17 14:18:53 EEST 2019"
"S-au returnat toate activitatile unui angajat pentru o zi","Fri May 17 14:19:46 EEST 2019"
"S-au returnat toate activitatile unui angajat pentru o zi","Fri May 17 14:20:01 EEST 2019"
"S-au returnat toate activitatile unui angajat pentru o zi","Fri May 17 14:20:15 EEST 2019"
"S-au returnat toate activitatile unui angajat pentru o zi","Fri May 17 14:20:31 EEST 2019"
"S-au returnat toate activitatile unui angajat pentru o zi","Fri May 17 14:20:40 EEST 2019"
"S-au returnat toate activitatile unui angajat pentru o zi","Fri May 17 14:20:51 EEST 2019"
"S-au returnat toate activitatile unui angajat pentru o zi","Fri May 17 14:21:12 EEST 2019"
"S-au returnat toate activitatile unui angajat pentru o zi","Fri May 17 14:21:21 EEST 2019"
"S-au returnat toate activitatile unui angajat pentru o zi","Fri May 17 14:21:30 EEST 2019"
"S-au returnat toate activitatile unui angajat pentru o zi","Fri May 17 14:21:44 EEST 2019"
"S-au returnat toate activitatile unui angajat pentru o zi","Fri May 17 14:22:27 EEST 2019"
"S-au returnat toate activitatile unui angajat pentru o zi","Fri May 17 14:23:17 EEST 2019"
"S-au returnat toate activitatile unui angajat pentru o zi","Fri May 17 14:23:30 EEST 2019"
"S-au returnat toate activitatile unui angajat pentru o zi","Fri May 17 14:23:42 EEST 2019"
"S-au returnat toate activitatile unui angajat pentru o zi","Fri May 17 14:23:56 EEST 2019"
"S-au returnat toate activitatile unui angajat pentru o zi","Fri May 17 14:24:39 EEST 2019"
"S-au returnat toate activitatile unui angajat pentru o zi","Fri May 17 14:24:47 EEST 2019"
"S-au returnat toate activitatile unui angajat pentru o zi","Fri May 17 14:24:57 EEST 2019"
"S-au returnat toate activitatile unui angajat pentru o zi","Fri May 17 14:26:02 EEST 2019"
"S-au returnat toate activitatile unui angajat pentru o zi","Fri May 17 14:26:24 EEST 2019"
"S-au returnat toate activitatile unui angajat pentru o zi","Fri May 17 14:28:59 EEST 2019"
"S-au returnat toate activitatile unui angajat pentru o zi","Fri May 17 14:28:59 EEST 2019"
"S-au returnat toate activitatile unui angajat pentru o zi","Fri May 17 14:28:59 EEST 2019"
"S-au returnat toate activitatile unui angajat pentru o zi","Fri May 17 14:30:39 EEST 2019"
"S-au returnat toate activitatile unui angajat pentru o zi","Fri May 17 14:31:00 EEST 2019"
"S-au returnat toate activitatile unui angajat pentru o zi","Fri May 17 14:31:04 EEST 2019"
"S-au returnat toate activitatile unui angajat pentru o zi","Fri May 17 14:32:26 EEST 2019"
"S-au returnat toate activitatile unui angajat pentru o zi","Fri May 17 14:32:49 EEST 2019"
"S-au returnat toate activitatile unui angajat pentru o zi","Fri May 17 14:33:01 EEST 2019"
"S-au returnat toate activitatile unui angajat pentru o zi","Fri May 17 14:33:06 EEST 2019"
"S-au returnat toate activitatile unui angajat pentru o zi","Fri May 17 14:33:35 EEST 2019"
"S-au returnat toate activitatile unui angajat pentru o zi","Fri May 17 14:34:25 EEST 2019"
"S-au returnat toate activitatile unui angajat pentru o zi","Fri May 17 14:37:14 EEST 2019"
"S-au returnat toate activitatile unui angajat pentru o zi","Fri May 17 14:37:14 EEST 2019"
"S-au returnat toate activitatile unui angajat pentru o zi","Fri May 17 14:37:14 EEST 2019"
"S-au returnat toate activitatile unui angajat pentru o zi","Fri May 17 14:38:00 EEST 2019"
"S-au returnat toate activitatile unui angajat pentru o zi","Fri May 17 14:38:17 EEST 2019"
"S-au returnat toate activitatile unui angajat pentru o zi","Fri May 17 14:38:44 EEST 2019"
"S-au returnat toate activitatile unui angajat pentru o zi","Thu Jun 06 11:38:44 EEST 2019"
"S-au returnat toate activitatile unui angajat pentru o zi","Thu Jun 06 11:38:44 EEST 2019"
"S-au returnat toate activitatile unui angajat pentru o zi","Thu Jun 06 11:38:44 EEST 2019"
"S-au returnat toate activitatile unui angajat pentru o zi","Thu Jun 06 17:52:27 EEST 2019"
"S-au returnat toate activitatile unui angajat pentru o zi","Thu Jun 06 17:52:27 EEST 2019"
"S-au returnat toate activitatile unui angajat pentru o zi","Thu Jun 06 17:52:27 EEST 2019"
"S-au returnat toate activitatile unui angajat pentru o zi","Fri Jun 07 14:42:32 EEST 2019"
"S-au returnat toate activitatile unui angajat pentru o zi","Fri Jun 07 14:42:32 EEST 2019"
"S-au returnat toate activitatile unui angajat pentru o zi","Fri Jun 07 14:42:32 EEST 2019"
"S-au returnat toate activitatile unui angajat pentru o zi","Fri Jun 07 14:43:43 EEST 2019"
"S-au returnat toate activitatile unui angajat pentru o zi","Fri Jun 07 14:43:43 EEST 2019"
"S-au returnat toate activitatile unui angajat pentru o zi","Fri Jun 07 14:43:43 EEST 2019"
"S-au returnat toate activitatile unui angajat pentru o zi","Fri Jun 07 16:22:23 EEST 2019"
"S-au returnat toate activitatile unui angajat pentru o zi","Fri Jun 07 16:22:23 EEST 2019"
"S-au returnat toate activitatile unui angajat pentru o zi","Fri Jun 07 16:22:23 EEST 2019"
"S-a apelat adaugarea unei activitati","Fri Jun 07 16:22:39 EEST 2019"
"S-au returnat toate activitatile unui angajat pentru o zi","Fri Jun 07 16:22:39 EEST 2019"
"S-au returnat toate activitatile unui angajat pentru o zi","Fri Jun 07 17:26:45 EEST 2019"
"S-au returnat toate activitatile unui angajat pentru o zi","Fri Jun 07 17:26:45 EEST 2019"
"S-au returnat toate activitatile unui angajat pentru o zi","Fri Jun 07 17:26:45 EEST 2019"
"S-a apelat adaugarea unei activitati","Fri Jun 07 17:27:04 EEST 2019"
"S-au returnat toate activitatile unui angajat pentru o zi","Fri Jun 07 17:27:04 EEST 2019"
"S-au returnat toate activitatile unui angajat pentru o zi","Thu Jul 18 13:02:11 EEST 2019"
"S-au returnat toate activitatile unui angajat pentru o zi","Thu Jul 18 13:02:11 EEST 2019"
"S-au returnat toate activitatile unui angajat pentru o zi","Thu Jul 18 13:02:11 EEST 2019"
"S-a apelat adaugarea unei activitati","Thu Jul 18 13:02:54 EEST 2019"
"S-au returnat toate activitatile unui angajat pentru o zi","Thu Jul 18 13:02:54 EEST 2019"
"S-au returnat toate activitatile unui angajat pentru o zi","Thu Jul 18 13:03:07 EEST 2019"
"S-au returnat toate activitatile unui angajat pentru o zi","Thu Jul 18 13:03:07 EEST 2019"
"S-au returnat toate activitatile unui angajat pentru o zi","Thu Jul 18 13:03:07 EEST 2019"
"S-au returnat toate activitatile unui angajat pentru o zi","Thu Jul 18 13:03:07 EEST 2019"
"S-au returnat toate activitatile unui angajat pentru o zi","Thu Jul 18 13:03:18 EEST 2019"
"S-au returnat toate activitatile unui angajat pentru o zi","Thu Jul 18 13:03:18 EEST 2019"
"S-au returnat toate activitatile unui angajat pentru o zi","Thu Jul 18 13:03:18 EEST 2019"
"S-au returnat toate activitatile unui angajat pentru o zi","Thu Jul 18 13:03:18 EEST 2019"
"S-au returnat toate activitatile unui angajat pentru o zi","Thu Jul 18 13:03:47 EEST 2019"
"S-au returnat toate activitatile unui angajat pentru o zi","Thu Jul 18 13:03:53 EEST 2019"
"S-au returnat toate activitatile unui angajat pentru o zi","Fri Oct 11 13:04:19 EEST 2019"
"S-au returnat toate activitatile unui angajat pentru o zi","Fri Oct 11 13:04:19 EEST 2019"
"S-au returnat toate activitatile unui angajat pentru o zi","Fri Oct 11 13:04:19 EEST 2019"
"S-au returnat toate activitatile unui angajat pentru o zi","Fri Oct 11 13:04:36 EEST 2019"
"S-au returnat toate activitatile unui angajat pentru o zi","Fri Oct 25 18:10:35 EEST 2019"
"S-au returnat toate activitatile unui angajat pentru o zi","Fri Oct 25 18:10:35 EEST 2019"
"S-au returnat toate activitatile unui angajat pentru o zi","Fri Oct 25 18:10:35 EEST 2019"
"S-a apelat adaugarea unei activitati","Fri Oct 25 18:54:30 EEST 2019"
"S-au returnat toate activitatile unui angajat pentru o zi","Fri Oct 25 18:54:30 EEST 2019"
"S-au returnat toate activitatile unui angajat pentru o zi","Fri Oct 25 18:54:32 EEST 2019"
"S-au returnat toate activitatile unui angajat pentru o zi","Fri Oct 25 18:54:32 EEST 2019"
"S-au returnat toate activitatile unui angajat pentru o zi","Fri Oct 25 18:54:32 EEST 2019"
"S-au returnat toate activitatile unui angajat pentru o zi","Fri Oct 25 18:54:32 EEST 2019"
"S-au returnat toate activitatile unui angajat pentru o zi","Fri Oct 25 18:54:35 EEST 2019"
"S-au returnat toate activitatile unui angajat pentru o zi","Fri Oct 25 18:54:47 EEST 2019"
